video_name,post_appeal_mos,post_appeal_ci
BunnyAnimation.mkv,3.9615384615384617,0.36837648897620684
DialogMeridian.mkv,4.653846153846154,0.24169702254109415
Giftmord-SDR_8s_11_3840x2160.mkv,3.423076923076923,0.4372227350127812
SpaceNasa.mkv,4.653846153846154,0.26502325180948494
cutting_orange_tuil_8s.mkv,3.769230769230769,0.4112360760108559
fr-041_debris_3840x2160_60p_422_ffvhuff_4_8s.mkv,3.923076923076923,0.4472455980587057
water_netflix_8s.mkv,3.6923076923076925,0.4034235529245411
