video_name,appeal_mos,appeal_ci
BunnyAnimation.mkv,4.037037037037037,0.36959628830865054
DialogMeridian.mkv,4.555555555555555,0.3362906187902686
Giftmord-SDR_8s_11_3840x2160.mkv,3.1481481481481484,0.35789546225312263
SpaceNasa.mkv,4.518518518518518,0.21870245309206898
cutting_orange_tuil_8s.mkv,3.925925925925926,0.4174907700700041
fr-041_debris_3840x2160_60p_422_ffvhuff_4_8s.mkv,3.925925925925926,0.3903970912349063
water_netflix_8s.mkv,3.5925925925925926,0.35103420988945866
